precision,recall,f1-score,support
0.8363471971066908,0.8954501452081317,0.8648901355773726,1033.0
0.6411960132890365,0.516042780748663,0.5718518518518518,374.0
0.7945984363894811,0.7945984363894811,0.7945984363894811,0.7945984363894811
0.7387716051978637,0.7057464629783974,0.7183709937146122,1407.0
0.7844733216640449,0.7945984363894811,0.786996519292124,1407.0
